Generation,Timestamp,X-Axis,Y-Axis,Z-Axis,Frequency,
0,"0","-0.2027","-0.8841","9.9114","200.222",
1,"0.039","-0.1991","-0.8949","9.9138","200.2127",
2,"0.049","-0.2267","-0.8698","9.9162","200.2202",
3,"0.117","-0.2243","-0.8817","9.9078","200.1167",
4,"0.117","-0.2171","-0.8853","9.9138","200.21",
5,"0.119","-0.1979","-0.8985","9.9209","200.2138",
6,"0.199","-0.2279","-0.8889","9.9078","200.1915",
7,"0.202","-0.2087","-0.8686","9.9138","200.2185",
8,"0.273","-0.2458","-0.8889","9.9018","200.2121",
9,"0.277","-0.2087","-0.871","9.9138","200.2158",
10,"0.282","-0.2135","-0.8817","9.8886","200.2196",
11,"0.341","-0.2255","-0.8781","9.915","200.202",
12,"0.343","-0.2267","-0.865","9.897","200.2252",
13,"0.347","-0.1967","-0.8674","9.9078","200.2289",
14,"0.352","-0.2039","-0.8889","9.8898","200.2326",
15,"0.412","-0.2207","-0.8638","9.9078","200.2188",
16,"0.417","-0.2207","-0.8734","9.9102","200.2225",
17,"0.468","-0.2159","-0.9033","9.9138","200.2207",
18,"0.516","-0.2386","-0.8662","9.9245","200.2152",
19,"0.518","-0.2219","-0.8698","9.903","200.2189",
20,"0.561","-0.1944","-0.8901","9.8755","200.2097",
21,"0.563","-0.2195","-0.9129","9.885","200.2134",
22,"0.567","-0.241","-0.8793","9.9018","200.2171",
23,"0.614","-0.2039","-0.9129","9.9425","200.2117",
24,"0.617","-0.1944","-0.8961","9.9233","200.2153",
25,"0.658","-0.2051","-0.8961","9.8862","200.2255",
26,"0.662","-0.2231","-0.8973","9.8755","200.2292",
27,"0.667","-0.2243","-0.8829","9.9006","200.2329",
28,"0.708","-0.2279","-0.9105","9.9245","200.2238",
29,"0.712","-0.2147","-0.9105","9.903","200.2274",
30,"0.717","-0.2219","-0.8841","9.8838","200.2311",
31,"0.757","-0.2123","-0.8781","9.9078","200.222",
32,"0.761","-0.2003","-0.8757","9.9042","200.2256",
33,"0.767","-0.2063","-0.8853","9.9102","200.2293",
34,"0.809","-0.2267","-0.8817","9.9066","200.2202",
35,"0.811","-0.2039","-0.8925","9.9102","200.2239",
36,"0.816","-0.1908","-0.8877","9.9257","200.2275",
37,"0.858","-0.2255","-0.9093","9.9377","200.2184",
38,"0.861","-0.1979","-0.8961","9.9461","200.2221",
39,"0.867","-0.1967","-0.8674","9.9126","200.2258",
40,"0.91","-0.2171","-0.9081","9.9233","200.2166",
41,"0.912","-0.2291","-0.8734","9.8898","200.2203",
42,"0.917","-0.2087","-0.8338","9.8922","200.224",
43,"0.955","-0.2243","-0.8925","9.8958","200.2112",
44,"0.956","-0.2111","-0.871","9.891","200.2341",
45,"0.961","-0.2075","-0.8793","9.9054","200.2185",
46,"0.966","-0.2219","-0.9129","9.9269","200.2222",
47,"0.999","-0.2051","-0.8889","9.9281","200.2058",
48,"1.001","-0.2207","-0.8686","9.9269","200.2286",
49,"1.051","-0.2446","-0.871","9.8994","200.204",
50,"1.053","-0.186","-0.865","9.9162","200.2269",
51,"1.103","-0.2051","-0.865","9.9233","200.2251",
52,"1.106","-0.2159","-0.8973","9.9042","200.2287",
53,"1.112","-0.2075","-0.9153","9.9138","200.2324",
54,"1.116","-0.2255","-0.8973","9.9245","200.2169",
55,"1.156","-0.2087","-0.9033","9.891","200.2042",
56,"1.157","-0.2099","-0.8853","9.8814","200.227",
57,"1.161","-0.2374","-0.9021","9.9329","200.2306",
58,"1.166","-0.2195","-0.9093","9.9401","200.2151",
59,"1.201","-0.2327","-0.8817","9.9102","200.1988",
60,"1.202","-0.235","-0.8805","9.9317","200.2216",
61,"1.242","-0.2291","-0.8662","9.9162","200.2125",
62,"1.246","-0.2243","-0.9045","9.9317","200.2162",
63,"1.251","-0.2123","-0.8865","9.8994","200.2198",
64,"1.286","-0.2231","-0.8865","9.9185","200.2035",
65,"1.288","-0.2075","-0.8757","9.879","200.2071",
66,"1.292","-0.1991","-0.8805","9.9257","200.2298",
67,"1.296","-0.2494","-0.8781","9.903","200.2335",
68,"1.301","-0.2219","-0.8734","9.909","200.218",
69,"1.329","-0.2159","-0.8841","9.8731","200.2172",
70,"1.331","-0.2363","-0.9021","9.8731","200.2208",
71,"1.374","-0.2267","-0.8734","9.909","200.2118",
72,"1.376","-0.2135","-0.865","9.8958","200.2344",
73,"1.381","-0.2063","-0.8829","9.9042","200.219",
74,"1.386","-0.2087","-0.8865","9.9102","200.2227",
75,"1.426","-0.2171","-0.9153","9.897","200.2137",
76,"1.431","-0.2662","-0.8817","9.8958","200.2173",
77,"1.474","-0.2087","-0.8793","9.9126","200.2083",
78,"1.476","-0.2207","-0.8877","9.8922","200.2309",
79,"1.481","-0.2255","-0.8482","9.9209","200.2155",
80,"1.525","-0.2279","-0.8913","9.8826","200.2066",
81,"1.527","-0.2243","-0.8913","9.8719","200.2102",
82,"1.532","-0.2255","-0.9129","9.909","200.2138",
83,"1.537","-0.2123","-0.9009","9.9174","200.2174",
84,"1.572","-0.2171","-0.8853","9.9138","200.2238",
85,"1.576","-0.2183","-0.8626","9.8874","200.2274",
86,"1.58","-0.2327","-0.8817","9.8767","200.231",
87,"1.585","-0.2195","-0.9009","9.8814","200.2346",
88,"1.623","-0.2315","-0.8961","9.9006","200.222",
89,"1.626","-0.2123","-0.8877","9.9006","200.2256",
90,"1.631","-0.2111","-0.8805","9.8838","200.2292",
91,"1.636","-0.2374","-0.8805","9.9078","200.2328",
92,"1.676","-0.2027","-0.9069","9.9329","200.2239",
93,"1.681","-0.2207","-0.8674","9.891","200.2275",
94,"1.686","-0.2386","-0.8327","9.9054","200.2311",
95,"1.721","-0.2422","-0.8853","9.8898","200.2186",
96,"1.725","-0.2303","-0.9009","9.9042","200.2221",
97,"1.73","-0.2255","-0.8913","9.8982","200.2258",
98,"1.735","-0.2135","-0.8722","9.8874","200.2293",
99,"1.773","-0.2315","-0.8757","9.897","200.2168",
100,"1.776","-0.2075","-0.8626","9.885","200.2204",
101,"1.781","-0.2482","-0.871","9.9305","200.224",
102,"1.785","-0.2087","-0.8746","9.9221","200.2276",
103,"1.819","-0.2171","-0.8949","9.9138","200.2115",
104,"1.822","-0.2099","-0.8674","9.891","200.2151",
105,"1.826","-0.2422","-0.8913","9.8934","200.2187",
106,"1.83","-0.2363","-0.8817","9.9018","200.2223",
107,"1.835","-0.2267","-0.8446","9.8934","200.2259",
108,"1.865","-0.2339","-0.8937","9.9006","200.2062",
109,"1.866","-0.2159","-0.8793","9.903","200.2286",
110,"1.91","-0.2099","-0.8913","9.9174","200.2233",
111,"1.915","-0.2374","-0.8997","9.903","200.2268",
112,"1.955","-0.247","-0.871","9.8707","200.2179",
113,"1.961","-0.2147","-0.8877","9.9138","200.2215",
114,"1.966","-0.2159","-0.8614","9.9126","200.2251",
115,"2.012","-0.2135","-0.9129","9.9102","200.2198",
116,"2.023","-0.2303","-0.8817","9.891","200.2082",
117,"2.056","-0.2147","-0.9021","9.8958","200.2145",
118,"2.061","-0.2123","-0.8805","9.9245","200.218",
119,"2.065","-0.2267","-0.8889","9.9042","200.2216",
120,"2.099","-0.2003","-0.8781","9.8994","200.2056",
121,"2.101","-0.2039","-0.877","9.9353","200.2279",
122,"2.143","-0.2015","-0.9105","9.897","200.2191",
123,"2.146","-0.2159","-0.9141","9.9054","200.2226",
124,"2.15","-0.2315","-0.8841","9.8587","200.2262",
125,"2.185","-0.2171","-0.8985","9.9126","200.2138",
126,"2.19","-0.2183","-0.9021","9.9018","200.2173",
127,"2.195","-0.2135","-0.8949","9.879","200.2209",
128,"2.199","-0.2051","-0.8781","9.9126","200.2244",
129,"2.231","-0.2494","-0.8901","9.8779","200.2271",
130,"2.235","-0.2111","-0.8973","9.9126","200.2307",
131,"2.276","-0.2434","-0.8841","9.9233","200.2219",
132,"2.28","-0.2099","-0.871","9.9054","200.2254",
133,"2.285","-0.2099","-0.8853","9.9198","200.229",
134,"2.324","-0.2003","-0.8566","9.8779","200.198",
135,"2.326","-0.186","-0.8722","9.9006","200.2201",
136,"2.33","-0.2291","-0.8937","9.8874","200.2237",
137,"2.335","-0.241","-0.9045","9.9269","200.2272",
138,"2.374","-0.2303","-0.8781","9.9018","200.1963",
139,"2.376","-0.2458","-0.8925","9.9233","200.2184",
140,"2.38","-0.2063","-0.9308","9.885","200.222",
141,"2.385","-0.2339","-0.8889","9.9018","200.2255",
142,"2.425","-0.2386","-0.9212","9.9066","200.1946",
143,"2.426","-0.2015","-0.8793","9.9353","200.2167",
144,"2.43","-0.2303","-0.865","9.915","200.2203",
145,"2.435","-0.2183","-0.8865","9.9305","200.2238",
146,"2.482","-0.1979","-0.8997","9.9174","200.2186",
147,"2.485","-0.2135","-0.8805","9.8934","200.2221",
148,"2.527","-0.2159","-0.9033","9.9281","200.1912",
149,"2.528","-0.2219","-0.9141","9.9102","200.2133",
150,"2.529","-0.1955","-0.9069","9.9066","200.2168",
151,"2.535","-0.2135","-0.9033","9.8934","200.2204",
152,"2.572","-0.2123","-0.8829","9.8922","200.2081",
153,"2.574","-0.2255","-0.9153","9.9162","200.2301",
154,"2.58","-0.2123","-0.9141","9.8994","200.2337",
155,"2.584","-0.2003","-0.9033","9.9257","200.2187",
156,"2.618","-0.2279","-0.8985","9.9198","200.2028",
157,"2.62","-0.2207","-0.8674","9.8946","200.2249",
158,"2.669","-0.2446","-0.8901","9.8934","200.2012",
159,"2.671","-0.2135","-0.8781","9.9018","200.2232",
160,"2.675","-0.2267","-0.877","9.9174","200.2267",
161,"2.68","-0.2398","-0.8877","9.879","200.2302",
162,"2.684","-0.2303","-0.9081","9.9114","200.2338",
163,"2.72","-0.2315","-0.8865","9.897","200.2215",
164,"2.724","-0.2315","-0.9153","9.8838","200.225",
165,"2.729","-0.2219","-0.9021","9.8994","200.2285",
166,"2.734","-0.2327","-0.8925","9.903","200.232",
167,"2.765","-0.2027","-0.9009","9.8898","200.1943",
168,"2.767","-0.2231","-0.865","9.8814","200.2162",
169,"2.813","-0.2195","-0.8829","9.9042","200.211",
170,"2.815","-0.2063","-0.8793","9.8922","200.2146",
171,"2.859","-0.2195","-0.8757","9.9042","200.2058",
172,"2.861","-0.235","-0.8746","9.9066","200.2278",
173,"2.864","-0.2159","-0.8626","9.8982","200.2313",
174,"2.869","-0.2135","-0.9081","9.9006","200.2348",
175,"2.913","-0.2279","-0.8901","9.903","200.2077",
176,"2.918","-0.2315","-0.8829","9.9102","200.2112",
177,"2.968","-0.2219","-0.9021","9.8958","200.2095",
178,"3.01","-0.4733","-1.1822","10.7063","200.2227",
179,"3.014","0.5131","-1.3366","9.5068","200.2262",
180,"3.019","0.0678","-1.8454","9.9928","200.2297",
181,"3.06","-0.4242","-0.8662","9.8958","200.221",
182,"3.064","0.0379","-1.0553","9.8336","200.2245",
183,"3.069","0.2294","-1.1595","9.8994","200.228",
184,"3.112","0.1097","-1.1942","9.9221","200.201",
185,"3.114","0.1468","-1.3666","9.8982","200.2228",
186,"3.158","-0.3224","-1.0266","9.9078","200.2141",
187,"3.159","-0.1764","-1.1403","9.9185","200.2176",
188,"3.167","-0.1082","-1.1391","9.9473","200.2211",
189,"3.169","-0.1273","-1.0493","9.8755","200.2246",
190,"3.207","-0.0112","-1.3235","9.9006","200.2124",
191,"3.209","-0.0232","-1.2074","9.8719","200.2342",
192,"3.214","-0.0926","-0.9727","9.8958","200.2194",
193,"3.219","-0.1788","-0.8015","9.8575","200.2229",
194,"3.252","-0.4026","-0.7788","9.9269","200.2073",
195,"3.295","-0.4158","-0.7321","9.8671","200.2204",
196,"3.299","-0.5595","-0.6663","9.9078","200.2238",
197,"3.345","-0.1237","-0.768","9.8599","200.2187",
198,"3.349","-0.0291","-0.8877","9.8755","200.2222",
199,"3.392","-0.0471","-1.0577","9.8934","200.2135",
200,"3.394","-0.3045","-0.7872","9.9473","200.217",
201,"3.399","-0.4481","-0.5896","9.8802","200.2205",
202,"3.437","0.0798","-1.2109","9.9006","200.2084",
203,"3.439","0.0618","-1.0505","9.8874","200.23",
204,"3.444","-0.1536","-0.8614","9.9042","200.2335",
205,"3.448","-0.3093","-0.7955","9.9533","200.2188",
206,"3.485","-0.1896","-0.9129","9.8946","200.2249",
207,"3.489","-0.0196","-1.0936","9.8802","200.2283",
208,"3.494","0.0403","-1.1212","9.8982","200.2318",
209,"3.499","-0.0052","-1.0326","9.9018","200.2171",
210,"3.503","-0.1525","-0.8829","9.9138","200.2206",
211,"3.53","-0.4864","-0.6962","9.8994","200.2198",
212,"3.534","-0.3464","-0.8865","9.8719","200.2232",
213,"3.581","-0.3296","-0.9069","9.9293","200.2181",
214,"3.584","-0.49","-0.7908","9.9281","200.2215",
215,"3.637","0.1085","-0.7129","9.8982","200.2018",
216,"3.639","-0.3835","-0.7656","9.8958","200.2233",
217,"3.644","-0.5068","-0.7548","9.9233","200.2268",
218,"3.648","-0.5559","-0.6902","9.8958","200.2302",
219,"3.693","-0.1608","-0.7524","9.8958","200.2036",
220,"3.695","-0.1177","-0.7716","9.8755","200.2251",
221,"3.699","-0.1273","-0.8398","9.8826","200.2286",
222,"3.738","-0.0124","-1.1343","9.8838","200.22",
223,"3.743","-0.0579","-0.9524","9.9329","200.2234",
224,"3.748","-0.1333","-0.8207","9.8898","200.2269",
225,"3.792","0.063","-1.1607","9.9473","200.2003",
226,"3.794","-0.0471","-1.0505","9.9329","200.2218",
227,"3.799","-0.0914","-0.932","9.8862","200.2252",
228,"3.852","-0.0686","-1.0601","9.9018","200.2055",
229,"3.854","-0.0986","-0.9512","9.8719","200.227",
230,"3.858","-0.1848","-0.7333","9.8743","200.2304",
231,"3.863","-0.2734","-0.6244","9.9162","200.2158",
232,"3.868","0.1001","-0.1359","9.8372","200.2193",
233,"3.896","-0.3212","-1.1678","9.9832","200.2184",
234,"3.898","-0.3643","-1.2121","10.0371","200.2219",
235,"3.94","-1.3819","-0.1707","9.994","200.2133",
236,"3.943","-0.2925","-0.695","9.8312","200.2168",
237,"3.949","0.5993","-1.1618","9.8264","200.2202",
238,"3.993","0.0606","-0.7165","9.9593","200.2117",
239,"3.995","-0.0986","-0.4316","9.8156","200.2151",
240,"3.998","-0.4733","-0.5418","9.9245","200.2186",
241,"4.047","-0.1321","-0.5513","9.7725","200.2135",
242,"4.049","-0.1117","-0.6028","9.9581","200.2169",
243,"4.1","-0.3727","-0.7141","9.8695","200.2153",
244,"4.103","-0.4505","-0.7836","9.9353","200.2187",
245,"4.152","-0.1058","-0.7034","9.8467","200.1957",
246,"4.155","0.0391","-0.8039","9.9772","200.217",
247,"4.158","-0.2614","-0.8087","9.8587","200.2204",
248,"4.163","-0.666","-0.9955","9.9593","200.2239",
249,"4.167","-0.326","-1.1571","9.8168","200.2273",
250,"4.198","0.0247","-0.7357","9.9964","200.2299",
251,"4.249","-0.2063","-0.7106","9.9078","200.2282",
252,"4.253","-0.3308","-0.7441","9.83","200.2316",
253,"4.304","0.1241","-0.7704","9.8539","200.2121",
254,"4.308","-0.089","-0.7189","9.9868","200.2334",
255,"4.313","-0.4278","-0.6327","9.9365","200.2189",
256,"4.318","-0.4577","-0.5884","9.9317","200.2223",
257,"4.358","-0.5846","-0.5406","9.8587","200.2139",
258,"4.363","-0.2482","-0.6651","9.8479","200.2173",
259,"4.368","-0.2422","-1.1092","10.0407","200.2207",
260,"4.406","0.0834","-0.8973","9.897","200.2088",
261,"4.408","-0.2075","-1.1618","9.9162","200.23",
262,"4.413","-0.174","-1.2133","9.8491","200.2334",
263,"4.417","-0.1501","-0.8757","9.9916","200.219",
264,"4.454","-0.5283","-0.9763","9.9293","200.225",
265,"4.457","-0.2291","-1.1714","9.9317","200.2284",
266,"4.463","-0.0734","-0.8913","9.8898","200.2318",
267,"4.467","0.0906","-0.8087","9.8","200.2174",
268,"4.508","0.1756","-1.4109","9.8695","200.2267",
269,"4.513","-0.0603","-0.9727","9.8743","200.2301",
270,"4.518","-0.6301","-0.6124","9.9437","200.2158",
271,"4.556","-0.3607","-0.92","9.8204","200.204",
272,"4.558","-0.0459","-0.9332","10.1652","200.2251",
273,"4.563","0.4868","-1.2026","9.8204","200.2285",
274,"4.567","0.755","-1.3618","9.8228","200.2319",
275,"4.604","0.5239","-1.3809","10.0311","200.2201",
276,"4.607","-0.514","-0.4161","9.751","200.2235",
277,"4.613","-1.0203","0.0616","9.806","200.2269",
278,"4.617","-0.9629","-0.1623","10.0586","200.2302",
279,"4.654","-0.3368","-0.9284","9.9425","200.2184",
280,"4.657","-0.0579","-1.205","10.0754","200.2218",
281,"4.663","-0.332","-0.8734","9.745","200.2252",
282,"4.667","-0.4517","-0.6698","9.9712","200.2286",
283,"4.702","0.1229","-0.8889","9.7534","200.2134",
284,"4.704","-0.5786","-0.7201","9.897","200.2168",
285,"4.754","-0.0974","-1.096","9.9664","200.2152",
286,"4.757","-0.5247","-0.9141","9.727","200.2186",
287,"4.762","-0.7199","-0.6447","9.8324","200.2219",
288,"4.767","-0.1417","-1.108","10.1005","200.2253",
289,"4.801","-0.4038","-0.9679","9.8036","200.2102",
290,"4.803","0.1301","-1.0757","9.7977","200.2136",
291,"4.853","0.1684","-1.0505","10.0023","200.2296",
292,"4.857","0.0594","-0.8877","9.9198","200.233",
293,"4.863","-0.4625","-0.762","9.6337","200.2187",
294,"4.867","-0.6959","-0.9332","10.0526","200.222",
295,"4.899","-0.6349","-0.7812","9.915","200.2246",
296,"4.902","-0.4984","-0.683","9.8826","200.228",
297,"4.951","-0.4697","-0.8195","9.8838","200.2054",
298,"4.953","-0.1381","-0.926","9.879","200.2263",
299,"5.01","0.2737","-0.4376","9.496","200.2105",
300,"5.012","0.0391","-0.4304","9.7653","200.2314",
301,"5.017","-0.5702","-0.5789","10.1388","200.2172",
302,"5.056","-0.1872","-0.3682","9.5187","200.2055",
303,"5.057","-1.152","-0.6244","10.5351","200.2264",
304,"5.062","-0.8372","-0.4604","9.4864","200.2298",
305,"5.067","0.1193","-1.3247","10.0574","200.2331",
306,"5.104","-0.0986","-0.8781","9.8611","200.2215",
307,"5.107","0.1768","-0.6818","9.8826","200.2248",
308,"5.112","0.075","-0.938","9.7617","200.2281",
309,"5.117","-0.3093","-0.8853","9.9317","200.2315",
310,"5.152","-1.0191","-0.0952","9.9437","200.2198",
311,"5.196","-0.4158","-0.8925","9.9796","200.2115",
312,"5.198","-0.6229","-1.1379","9.8802","200.2149",
313,"5.202","-0.4565","-1.2253","9.8683","200.2182",
314,"5.241","-0.3751","-0.6292","10.0395","200.2066",
315,"5.243","0.1301","-1.1104","9.9976","200.2274",
316,"5.247","0.3432","-1.4743","9.9904","200.2308",
317,"5.251","-0.4625","-0.8961","9.7713","200.2341",
318,"5.295","-0.6253","-0.7812","10.0191","200.2083",
319,"5.297","0.1971","-1.3618","9.8288","200.2292",
320,"5.302","0.7059","-1.2552","9.7569","200.2325",
321,"5.348","-0.6768","0.0496","9.7031","200.2101",
322,"5.351","-1.2358","-0.0761","9.9545","200.2309",
323,"5.394","-0.4158","-0.5537","9.9018","200.2226",
324,"5.396","-0.3021","-0.3526","9.8527","200.2259",
325,"5.401","-0.0459","-0.6543","9.8527","200.2292",
326,"5.442","-0.1536","-0.5801","9.9018","200.221",
327,"5.447","-0.6995","-0.604","10.0778","200.2243",
328,"5.451","-0.9126","-0.4137","10.0287","200.2276",
329,"5.494","-0.3488","-0.8506","9.8024","200.2194",
330,"5.496","-0.174","-0.9967","9.8288","200.2227",
331,"5.502","-0.3404","-0.8542","9.9772","200.226",
332,"5.541","-0.2159","-1.0182","10.1436","200.2178",
333,"5.546","-0.0627","-0.847","9.8647","200.2211",
334,"5.551","-0.0555","-0.8829","9.6444","200.2244",
335,"5.595","-0.247","-0.7896","9.7174","200.2162",
336,"5.598","-0.3943","-0.9991","9.8755","200.2195",
337,"5.603","-0.3931","-1.0996","9.9473","200.2228",
338,"5.644","-0.6959","-0.5813","10.1664","200.2146",
339,"5.646","-0.6864","-0.774","9.8779","200.2179",
340,"5.651","0.2019","-0.9679","9.8467","200.2212",
341,"5.691","-0.5846","-0.4651","9.9473","200.2097",
342,"5.692","-0.9138","-0.2916","9.6408","200.213",
343,"5.696","-0.6588","-0.768","10.1053","200.2163",
344,"5.701","0.251","-0.604","9.7139","200.2196",
345,"5.74","0.3731","-0.6076","9.7833","200.2081",
346,"5.742","-0.2973","-0.3813","10.0766","200.2114",
347,"5.747","-0.8013","-0.2868","9.4601","200.2147",
348,"5.751","-0.7642","-0.8877","10.1628","200.218",
349,"5.795","0.0989","-0.2006","9.5139","200.2098",
350,"5.797","0.0487","-0.5872","10.492","200.2131",
351,"5.802","0.4688","-0.2604","9.3822","200.2164",
352,"5.85","-0.241","0.2831","9.9138","200.2115",
353,"5.852","-0.6349","-0.2533","10.158","200.2148",
354,"5.905","0.063","-1.2289","10.146","200.2132",
355,"5.907","-0.0291","-1.3151","9.8024","200.2165",
356,"5.911","-0.3428","-1.5593","10.0646","200.2198",
357,"5.916","-0.2099","-1.2887","9.9042","200.2231",
358,"5.963","-0.2327","-1.3127","9.9018","200.2182",
359,"5.966","-0.1596","-1.0326","10.079","200.2215",
360,"6.013","-0.4661","-0.6052","9.5295","200.2166",
361,"6.016","-0.2698","-0.4723","9.9437","200.2199",
362,"6.072","-0.2099","-0.9667","10.0526","200.2216",
363,"6.075","-0.6672","-1.0302","9.9066","200.2249",
364,"6.08","-0.9641","-1.12","9.8096","200.2282",
365,"6.086","-0.8013","-1.3019","9.666","200.2315",
366,"6.117","-0.4014","-0.4604","9.5558","200.2168",
367,"6.169","-0.2769","-1.0062","9.4277","200.2152",
368,"6.171","-0.6026","-1.4085","10.0622","200.2185",
369,"6.176","-0.4146","-1.6563","10.0263","200.2217",
370,"6.18","-0.253","-1.3977","9.8539","200.225",
371,"6.185","0.2282","-0.7704","10.1304","200.2283",
372,"6.226","-0.168","-1.2828","9.5858","200.2202",
373,"6.231","-0.6792","-1.0062","10.1245","200.2234",
374,"6.235","-0.5643","-0.2305","10.0047","200.2267",
375,"6.282","0.7035","-1.3881","9.5582","200.2218",
376,"6.286","-0.6528","-1.0062","9.9533","200.2251",
377,"6.337","-1.0646","-0.2425","9.7977","200.2235",
378,"6.34","-0.6947","-0.349","9.9964","200.2268",
379,"6.346","0.6197","-0.8099","9.8192","200.2301",
380,"6.35","0.2713","-1.5521","9.9796","200.2333",
381,"6.396","0.1001","-1.2852","10.2406","200.2285",
382,"6.4","-0.1668","-0.7584","9.3523","200.2317",
383,"6.449","-0.1309","-1.1571","9.8396","200.2098",
384,"6.451","-0.2817","-1.1583","10.462","200.2131",
385,"6.504","-0.0627","-0.9081","10.0036","200.2115",
386,"6.506","-0.2434","-0.6292","9.6492","200.2148",
387,"6.511","-0.3895","-0.4663","9.7198","200.218",
388,"6.515","-0.4457","-0.8255","10.3782","200.2213",
389,"6.552","-0.2063","-0.531","9.6516","200.2099",
390,"6.599","-0.2231","-0.5621","10.0443","200.2052",
391,"6.6","0.0654","-0.8075","10.2897","200.2254",
392,"6.652","-1.4633","-0.1922","10.0443","200.2238",
393,"6.655","-0.6995","-0.3813","9.83","200.2271",
394,"6.66","0.2905","-1.1499","9.8503","200.2303",
395,"6.665","0.324","-1.7209","9.9712","200.2336",
396,"6.701","-0.2566","-0.2533","10.0897","200.2223",
397,"6.751","-0.9928","-0.9476","9.4804","200.2207",
398,"6.803","-0.1908","-0.9548","9.7246","200.2191",
399,"6.805","-0.5008","-0.5118","9.7139","200.2224",
400,"6.81","-0.3021","-1.169","10.2717","200.2256",
401,"6.814","-0.5176","-0.871","9.8096","200.2288",
402,"6.851","0.0056","-0.7572","9.824","200.2176",
403,"6.899","-0.2937","-1.0457","9.891","200.2128",
404,"6.901","-0.4493","-0.7285","9.9736","200.216",
405,"6.945","-0.1488","-0.7932","10.2095","200.2281",
406,"6.95","0.1085","-0.5465","9.5367","200.2314",
407,"6.992","-0.253","-0.8757","10.3543","200.2065",
408,"6.994","-0.2015","-0.5717","9.7115","200.2266",
409,"7","-0.1752","-0.5322","9.6289","200.2298",
410,"7.049","-1.091","0.052","9.2709","200.2082",
411,"7.051","-1.51","-0.6387","10.5363","200.2114",
412,"7.098","0.318","-0.9081","10.2454","200.2066",
413,"7.1","-0.35","-1.3139","9.9784","200.2267",
414,"7.158","-0.405","-1.5066","10.4884","200.2115",
415,"7.16","-0.0112","-1.5497","9.6265","200.2315",
416,"7.164","-0.0256","-1.3259","9.7246","200.2179",
417,"7.169","-0.35","-0.4005","10.0419","200.2211",
418,"7.212","-0.6816","-0.173","9.3906","200.2132",
419,"7.215","-0.7091","-0.5418","10.1173","200.2164",
420,"7.22","0.1109","-0.592","9.7593","200.2196",
421,"7.269","-0.0327","-1.0254","9.3236","200.218",
422,"7.275","-0.2985","-0.8805","10.9133","200.2212",
423,"7.279","-0.3799","-0.6986","10.2298","200.2244",
424,"7.284","0.1839","-0.8015","9.3188","200.2276",
425,"7.319","-0.2518","-0.8195","9.8467","200.2133",
426,"7.32","-0.8887","-0.5693","10.4118","200.2165",
427,"7.371","0.1313","-0.5489","9.4924","200.215",
428,"7.374","-0.3775","-1.2492","10.5973","200.2181",
429,"7.379","-0.7318","-0.6303","8.9824","200.2213",
430,"7.384","-1.5351","-0.9021","10.3818","200.2245",
431,"7.421","-0.5714","-0.7357","9.8396","200.2134",
432,"7.424","-0.7294","-1.0948","9.5905","200.2166",
433,"7.43","-0.2913","-1.3618","10.1113","200.2198",
434,"7.434","0.3515","-0.9643","9.6779","200.223",
435,"7.476","0.6364","-1.2983","10.006","200.2151",
436,"7.479","0.4677","-0.8123","9.982","200.2182",
437,"7.484","-0.3081","-0.592","9.7414","200.2215",
438,"7.524","-0.265","-0.2018","9.3104","200.2302",
439,"7.529","-0.2961","-0.1683","9.8671","200.2334",
440,"7.534","-0.5846","-0.0665","9.891","200.2199",
441,"7.578","-0.7929","-1.017","9.5056","200.212",
442,"7.579","-1.0754","-0.6244","9.8599","200.2152",
443,"7.584","-0.4553","-0.1288","9.9473","200.2184",
444,"7.627","0.2965","-1.5916","9.3583","200.2105",
445,"7.629","-0.5211","-0.373","9.4361","200.2303",
446,"7.634","-1.1185","-0.4544","10.6404","200.2335",
447,"7.677","-0.1692","-1.1834","9.8455","200.2089",
448,"7.679","-1.0144","-0.7788","9.4804","200.2288",
449,"7.685","-1.0227","-1.2301","10.4201","200.2153",
450,"7.734","0.0738","-0.7117","10.1029","200.2304",
451,"7.79","-0.9449","-1.0769","10.0718","200.2154",
452,"7.794","0.2929","-1.8394","10.1831","200.2186",
453,"7.799","0.834","-1.3199","9.4481","200.2218",
454,"7.839","0.804","-1.4803","11.1851","200.2305",
455,"7.844","0.1349","-1.2157","8.8148","200.2171",
456,"7.848","-0.7893","-0.2018","9.478","200.2202",
457,"7.853","-1.4729","-0.282","10.6009","200.2234",
458,"7.894","-0.5415","-0.7345","9.5427","200.2155",
459,"7.898","-0.3105","-1.005","9.7486","200.2187",
460,"7.951","0.6329","-0.8267","10.067","200.2172",
461,"7.954","-0.0878","-0.5633","10.1484","200.2203",
462,"8.011","-0.4649","-0.5406","10.0395","200.222",
463,"8.013","-0.0663","-0.7369","9.1787","200.2251",
464,"8.019","0.0666","-0.8075","10.3746","200.2283",
465,"8.06","-0.2494","-0.7584","9.5894","200.2204",
466,"8.064","-0.5882","-0.5094","9.7534","200.2236",
467,"8.069","-0.9832","-0.6208","9.9233","200.2267",
468,"8.123","0.1636","-0.9907","10.213","200.2284",
469,"8.128","0.1013","-0.5011","9.5846","200.2315",
470,"8.133","-0.3667","-0.5106","9.8886","200.2182",
471,"8.138","-0.7211","-0.5669","10.1544","200.2213",
472,"8.174","-0.3081","-0.1395","9.7797","200.2268",
473,"8.178","-0.9785","-0.7201","10.5219","200.23",
474,"8.183","-0.8192","-0.6196","9.247","200.2331",
475,"8.224","0.2163","-1.8897","10.2262","200.2253",
476,"8.228","0.4928","-1.2672","9.7977","200.2285",
477,"8.233","0.1779","-0.8422","9.5941","200.2316",
478,"8.274","-0.1536","-1.3773","10.1448","200.2238",
479,"8.278","0.2246","-1.035","10.1508","200.2269",
480,"8.283","0.2198","-0.6459","9.5247","200.2301",
481,"8.327","-0.5391","-0.1946","9.7725","200.2058",
482,"8.329","-0.6445","-0.9787","9.8994","200.2254",
483,"8.333","0.391","-1.6239","10.3627","200.2285",
484,"8.385","-0.3392","-0.4388","9.8132","200.2106",
485,"8.437","-0.6313","-0.877","10.2059","200.17",
486,"8.444","-0.2805","-0.8374","9.8551","200.2154",
487,"8.448","0.1803","-0.8183","9.8862","200.2185",
488,"8.453","0.4605","-0.7788","9.405","200.2216",
489,"8.497","0.2187","-0.6806","9.9628","200.2139",
490,"8.5","-0.6528","-0.3059","10.3651","200.217",
491,"8.547","-0.5822","-0.9691","10.2478","200.2318",
492,"8.554","-0.3895","-0.762","9.6636","200.2186",
493,"8.596","-0.077","-1.418","10.3735","200.2108",
494,"8.598","-0.186","-0.9488","9.5151","200.2303",
495,"8.603","0.0056","-0.8734","9.8587","200.2171",
496,"8.646","-0.028","-0.6555","9.5247","200.2094",
497,"8.647","-0.7139","-1.0637","10.4369","200.2288",
498,"8.653","-1.1185","-1.1547","9.8324","200.2319",
499,"8.695","-0.3152","-1.2768","10.3064","200.2079",
500,"8.697","0.1492","-0.7668","9.1584","200.2273",
501,"8.703","-0.5738","-0.8434","10.5542","200.2304",
502,"8.756","-0.2913","-0.8674","9.7522","200.2126",
503,"8.758","-1.0299","-0.5453","9.338","200.2157",
504,"8.763","-1.0587","-0.7465","10.2262","200.2188",
505,"8.767","0.0654","-0.9392","9.7629","200.2219",
506,"8.807","0.5119","-0.8039","9.8611","200.2305",
507,"8.812","0.3695","-0.8327","9.8683","200.2336",
508,"8.817","-0.2793","-0.7141","9.6432","200.2204",
509,"8.861","-1.2646","-0.4089","10.1221","200.2127",
510,"8.863","-0.9366","-1.2995","9.9425","200.2158",
511,"8.868","0.0582","-1.3462","9.4852","200.2189",
512,"8.919","-1.1161","-0.7225","10.3399","200.2174",
513,"8.922","-0.8982","-0.5358","9.4493","200.2205",
514,"8.928","-0.7773","-1.0577","9.1345","200.2236",
515,"8.933","-0.3236","-1.8502","11.2078","200.2267",
516,"8.983","0.7011","-0.689","9.5439","200.2252",
517,"9.037","-0.071","-1.2193","9.9126","200.2075",
518,"9.039","0.6113","-2.1315","10.0107","200.2106",
519,"9.042","0.4054","-1.3247","9.7486","200.2299",
520,"9.048","-0.6636","-0.3562","9.5882","200.2168",
521,"9.052","-1.0622","0.641","10.0993","200.2199",
522,"9.104","0.0942","-0.9883","10.0502","200.2184",
523,"9.108","0.3036","0.058","9.6971","200.2215",
524,"9.112","-0.4781","0.0807","9.5499","200.2246",
525,"9.117","-1.2777","-0.0138","9.6468","200.2277",
526,"9.155","-0.8731","-0.8422","9.994","200.2169",
527,"9.157","-0.7486","-0.1335","9.059","200.22",
528,"9.162","-0.01","-0.6483","11.057","200.2231",
529,"9.167","0.47","-0.6519","9.4696","200.2262",
530,"9.203","0.0175","-0.7896","9.6612","200.2154",
531,"9.207","-0.1453","0.1214","9.6492","200.2185",
532,"9.212","-0.7618","-0.3766","9.9401","200.2216",
533,"9.219","-1.2801","-0.8865","10.3064","200.2247",
534,"9.261","-0.6768","-0.9117","9.9162","200.217",
535,"9.263","0.1851","-0.8698","9.6313","200.2201",
536,"9.267","0.4305","-0.9536","10.2047","200.2232",
537,"9.311","0.6891","-1.2624","10.8918","200.2155",
538,"9.313","-1.0814","-0.9488","9.6253","200.2186",
539,"9.317","-2.5479","-0.0306","10.0036","200.2217",
540,"9.361","0.4114","-1.1487","9.7629","200.214",
541,"9.363","0.5431","-1.4994","10.0849","200.2171",
542,"9.367","0.3108","-0.9715","9.6612","200.2202",
543,"9.41","-0.1105","-1.1008","9.6504","200.2126",
544,"9.412","0.002","-1.3833","10.2932","200.2317",
545,"9.417","-0.0986","-1.5569","10.0083","200.2187",
546,"9.46","-0.0663","-0.5298","9.7426","200.2111",
547,"9.462","-0.0375","-0.9129","10.1795","200.2302",
548,"9.467","-0.0244","-0.9859","9.6097","200.2333",
549,"9.516","-0.6433","-1.0601","10.1855","200.2318",
550,"9.574","-0.4948","-0.4927","9.6887","200.2173",
551,"9.577","-0.7881","-0.7405","10.0514","200.2204",
552,"9.581","-0.6361","-1.4611","10.1053","200.2235",
553,"9.627","-0.4721","-1.3378","9.818","200.2189",
554,"9.632","-0.0291","-1.0673","9.8156","200.222",
555,"9.636","-0.0411","-1.1391","9.891","200.225",
556,"9.681","-0.9102","-0.8207","10.6548","200.2205",
557,"9.741","-0.3512","-1.2026","9.6025","200.2061",
558,"9.743","0.1444","-1.5677","9.9257","200.2251",
559,"9.747","0.3851","-1.7424","10.079","200.2282",
560,"9.752","-0.1237","-1.2433","9.9964","200.2312",
561,"9.801","-0.2111","-1.0781","9.7342","200.2107",
562,"9.804","-0.2243","-1.7568","10.1388","200.2138",
563,"9.861","0.2318","-1.3043","9.0076","200.2343",
564,"9.866","-0.0639","-0.7656","10.1807","200.2214",
565,"9.917","-0.2147","-1.6132","9.9784","200.22",
566,"9.975","0.2701","-1.8502","9.9353","200.2056",
567,"9.977","-0.7737","-1.2469","10.0993","200.2246",
568,"9.982","-1.4501","-0.8219","10.4154","200.2276",
569,"9.986","-0.6935","-0.009","9.1309","200.2307",
570,"10.033","-0.3524","-1.0146","9.575","200.2102",
571,"10.037","-0.2769","-0.6351","9.8826","200.2292",
572,"10.092","-0.6552","-0.6902","9.8048","200.2148",
573,"10.096","0.0954","-0.2473","9.8491","200.2179",
574,"10.101","-0.0758","-0.2173","10.0526","200.2209",
575,"10.151","-0.0531","-0.3107","10.2035","200.2194",
576,"10.207","-0.2003","-0.2425","10.1723","200.221",
577,"10.21","0.1121","-0.1695","9.9162","200.224",
578,"10.215","-0.2027","-0.4304","9.7737","200.2271",
579,"10.26","0.0439","0.0951","9.8455","200.2037",
580,"10.261","0.1241","-0.2604","9.9078","200.2226",
581,"10.265","-0.2075","-0.3933","9.7162","200.2256",
582,"10.317","0.579","-0.5094","9.3811","200.2241",
583,"10.368","0.5455","-0.6244","10.0036","200.2227",
584,"10.415","0.3192","-0.3718","9.9377","200.2212",
585,"10.469","-1.5566","-0.3394","9.3846","200.204",
586,"10.471","-1.0108","-1.1188","10.395","200.2227",
587,"10.475","-0.0699","-0.9907","9.8156","200.2258",
588,"10.48","0.5921","-2.0345","10.328","200.2288",
589,"10.485","0.5515","-0.5298","9.9401","200.2318",
590,"10.526","-1.6464","-1.2085","10.2262","200.2243",
591,"10.53","-0.9497","-0.9823","9.6971","200.2273",
592,"10.535","0.2055","-1.2217","9.8802","200.2303",
593,"10.583","-0.7354","-1.4599","10.1089","200.2101",
594,"10.585","-1.1724","-0.8889","9.7857","200.2289",
595,"10.641","-1.0407","-0.7644","9.9221","200.2304",
596,"10.645","-0.3512","-0.5358","9.9736","200.2334",
597,"10.65","0.0223","-0.1311","9.6444","200.2207",
598,"10.703","-0.4673","-0.8877","10.4776","200.2192",
599,"10.705","-0.0447","-0.1754","9.6444","200.2222",
600,"10.71","-0.0663","-0.1635","9.6528","200.2252",
601,"10.715","-0.192","-0.2796","9.5319","200.2282",
602,"10.761","-0.7713","-0.6674","9.5115","200.2051",
603,"10.763","-1.4286","-0.7632","10.1077","200.2081",
604,"10.765","-0.4972","-0.9703","9.8144","200.2268",
605,"10.817","0.2689","-0.6351","9.8994","200.2066",
606,"10.818","-0.2698","-0.7201","9.8743","200.2096",
607,"10.82","-0.8875","-1.1798","10.3603","200.2283",
608,"10.866","-0.6935","-0.9572","10.559","200.2239",
609,"10.915","-0.2339","-1.0098","10.4836","200.2224",
610,"10.965","-0.0878","-1.6263","9.9437","200.221",
611,"10.969","-0.1261","-1.5078","9.9808","200.224",
612,"11.022","-0.6588","-0.9799","9.7749","200.2225",
613,"11.024","-0.7259","-1.3271","10.8439","200.2255",
614,"11.029","-0.0447","-0.9811","9.7498","200.2285",
615,"11.034","0.1959","-0.7321","9.1404","200.2314",
616,"11.081","-0.4445","-1.2744","9.909","200.227",
617,"11.084","-1.1855","-0.8231","10.1376","200.23",
618,"11.141","0.3168","-0.683","9.8587","200.216",
619,"11.144","0.1109","-0.8458","9.9461","200.2345",
620,"11.15","-0.2159","-0.4568","9.5319","200.2219",
621,"11.199","0.0499","-0.3311","9.648","200.2175",
622,"11.201","-0.1477","-0.0976","10.2406","200.2204",
623,"11.257","-0.3679","-0.9775","9.7988","200.222",
624,"11.26","-0.2542","-1.3151","9.6732","200.2249",
625,"11.264","-0.5355","-1.4252","10.0215","200.2279",
626,"11.269","-0.9366","-0.8829","10.1352","200.2309",
627,"11.31","0.0726","-1.0242","9.3727","200.2235",
628,"11.314","-0.6935","-0.9224","9.0842","200.2265",
629,"11.319","-1.1377","-1.2899","11.1408","200.2294",
630,"11.361","0.4293","-1.8526","11.0474","200.2221",
631,"11.364","1.1081","-0.8566","9.1716","200.225",
632,"11.369","0.2067","-0.7333","9.4265","200.228",
633,"11.419","-0.5068","-0.8757","9.5391","200.2266",
634,"11.424","-0.563","-0.622","10.6452","200.2295",
635,"11.429","-0.1285","-0.4819","9.2254","200.2325",
636,"11.433","0.2689","-0.7261","9.5008","200.2354",
637,"11.478","0.5622","-0.762","11.0127","200.2126",
638,"11.481","-0.2698","-0.2592","9.7773","200.2156",
639,"11.484","-0.9701","-0.4783","9.9293","200.2185",
640,"11.539","-0.8168","-0.9978","9.654","200.22",
641,"11.544","-0.2458","-1.7173","10.2502","200.223",
642,"11.549","0.0654","-1.5749","9.4876","200.2259",
643,"11.6","-0.7139","-0.9224","10.2897","200.2245",
644,"11.605","0.0942","-0.4316","10.249","200.2274",
645,"11.665","0.1229","-0.701","10.0071","200.2165",
646,"11.668","0.3216","-1.1427","9.7007","200.2349",
647,"11.722","0.5502","-1.8741","10.656","200.218",
648,"11.724","0.5119","-1.9831","9.417","200.2209",
649,"11.729","-0.7546","-1.6431","10.2573","200.2239",
650,"11.733","-1.1867","-1.0589","9.9102","200.2268",
651,"11.781","0.1289","-0.9931","9.9569","200.2225",
652,"11.783","-0.763","-0.6112","10.1424","200.2254",
653,"11.835","0.0235","-1.0493","9.4445","200.224",
654,"11.892","0.3611","-0.3335","9.3775","200.2101",
655,"11.894","-0.6181","-0.5705","9.9221","200.2284",
656,"11.899","-1.4286","-0.1707","10.1137","200.2313",
657,"11.952","-0.7079","-0.0713","10.006","200.2146",
658,"11.954","-0.8288","-0.446","8.9812","200.2328",
659,"11.958","-0.6062","-0.7967","9.7007","200.2358",
660,"11.963","-0.0758","-1.3163","10.6524","200.2234",
661,"11.968","0.1935","-1.2109","9.8539","200.2263",
662,"12.01","-0.3536","-1.5485","9.4816","200.219",
663,"12.013","-1.2478","-0.8841","9.4912","200.2219",
664,"12.018","-0.8683","-0.5896","10.3699","200.2249",
665,"12.062","0.1265","-0.8566","9.2494","200.2176",
666,"12.063","-0.9246","-0.9643","10.5051","200.2205",
667,"12.068","-0.6157","-0.5501","9.4445","200.2235",
668,"12.114","0.0187","-0.4232","9.8168","200.2191",
669,"12.118","-0.8887","-0.1527","10.1316","200.222",
670,"12.171","0.3994","0.0664","9.1428","200.2206",
671,"12.173","-0.0902","-0.7345","9.7569","200.2235",
672,"12.178","-1.0814","-0.2425","9.168","200.2265",
673,"12.183","-0.8851","-1.1367","10.5722","200.2294",
674,"12.227","0.148","-0.1072","10.0466","200.2069",
675,"12.229","-0.3308","-0.0928","10.1281","200.2251",
676,"12.233","-1.3615","-0.8255","9.3404","200.228",
677,"12.278","0.0511","-0.6854","9.3607","200.2236",
678,"12.283","0.494","-1.4695","9.6815","200.2265",
679,"12.335","-0.2686","-1.1176","9.6085","200.2251",
680,"12.393","-0.4146","-0.8973","10.9313","200.2295",
681,"12.399","-0.7546","0.1957","9.2709","200.2325",
682,"12.403","-0.599","-0.1324","9.9473","200.2201",
683,"12.461","-1.0311","-0.9164","10.4884","200.2216",
684,"12.462","-0.8911","-0.7955","8.8124","200.2245",
685,"12.467","-0.0746","-1.6215","10.6572","200.2274",
686,"12.52","-0.9413","-1.2217","9.8838","200.226",
687,"12.578","0.2043","-0.5705","10.5818","200.2304",
688,"12.583","0.0235","0.2591","9.8156","200.2333",
689,"12.634","-0.6253","-0.5334","9.976","200.2167",
690,"12.692","-0.0411","-1.77","10.0359","200.2182",
691,"12.694","-0.18","-1.4839","9.405","200.2211",
692,"12.697","-0.3823","-1.3103","10.17","200.224",
693,"12.702","0.2294","-1.0002","10.1257","200.2269",
694,"12.752","-0.0914","-0.1599","9.6528","200.2255",
695,"12.757","0.1684","-0.7465","10.2358","200.2284",
696,"12.762","0.4916","-0.0809","9.642","200.2313",
697,"12.767","-0.5798","-0.7369","10.0598","200.2341",
698,"12.81","-1.1867","-0.9212","10.8894","200.2119",
699,"12.812","0.3731","-0.8614","9.5271","200.2299",
700,"12.817","-0.0902","-1.746","9.1895","200.2327",
701,"12.869","0.2665","-1.4252","10.213","200.2162",
702,"12.92","-0.2949","-0.9667","9.9557","200.2149",
703,"12.921","-0.5738","-1.1463","10.2118","200.2328",
704,"12.927","-0.3775","-0.8446","9.4732","200.2357",
705,"12.931","-0.162","-0.5932","9.7701","200.2386",
706,"12.936","-0.1596","-0.7656","10.7374","200.2264",
707,"12.978","-1.1939","-0.7812","10.5758","200.2192",
708,"12.982","-1.4944","-0.0198","9.9281","200.2372",
709,"12.987","-0.9521","-0.8135","9.1776","200.225",
710,"13.039","-0.9533","-0.6315","9.6145","200.2236",
711,"13.041","-0.4529","-0.7393","9.8814","200.2264",
712,"13.047","0.5383","-0.5106","10.389","200.2293",
713,"13.051","0.0535","-0.7082","9.6217","200.2322",
714,"13.102","-0.1321","-0.0198","10.134","200.2308",
715,"13.156","-0.9701","0.0029","9.168","200.2144",
716,"13.158","-0.9617","-1.2313","11.5071","200.2323",
717,"13.161","-0.1908","-0.4831","8.9872","200.2351",
718,"13.167","-0.3129","-1.0709","9.6552","200.223",
719,"13.221","0.98","-1.7137","9.3667","200.2244",
720,"13.226","0.3384","-1.5066","10.5147","200.2273",
721,"13.231","-0.3248","-0.3454","9.6073","200.2302",
722,"13.236","-1.1915","-0.2856","9.9904","200.233",
723,"13.273","-0.6564","-1.0757","9.3559","200.2231",
724,"13.276","0.2318","-0.7836","10.4285","200.2259",
725,"13.281","0.3898","-0.762","10.2897","200.2288",
726,"13.286","0.3048","-0.2748","9.5929","200.2316",
727,"13.325","-0.429","-0.7165","9.8779","200.2217",
728,"13.326","-1.091","-0.5908","10.0718","200.2245",
729,"13.331","-1.2059","-0.8183","10.316","200.2274",
730,"13.336","-0.4541","-0.4125","9.411","200.2302",
731,"13.379","-0.5511","0.2148","9.3835","200.2231",
732,"13.381","-0.35","-1.175","9.6947","200.226",
733,"13.386","0.0451","-1.2349","10.5027","200.2289",
734,"13.434","-0.004","-1.5006","9.642","200.2246",
735,"13.436","-0.0363","-1.2109","10.134","200.2275",
736,"13.487","0.2438","-1.3366","10.6584","200.2261",
737,"13.491","0.1181","-0.3586","9.4924","200.2289",
738,"13.496","-0.5523","-0.6423","9.6875","200.2318",
739,"13.501","-1.2107","-0.1335","10.1125","200.2346",
740,"13.54","-0.3284","-0.6244","9.7988","200.2098",
741,"13.541","0.1145","-0.4544","10.2286","200.2276",
742,"13.546","0.1756","-0.6196","10.2502","200.2304",
743,"13.55","-0.4362","-0.8913","9.1404","200.2332",
744,"13.599","-0.4421","-1.5138","10.328","200.2141",
745,"13.601","-0.6337","-0.8255","9.0411","200.2319",
746,"13.659","0.421","-0.4795","10.1999","200.2184",
747,"13.661","0.0271","-0.033","9.6145","200.2213",
748,"13.666","-1.4405","-0.3526","9.9401","200.2241",
749,"13.714","0.1792","-0.8805","10.7721","200.2199",
750,"13.716","-0.4852","-0.4592","8.3887","200.2227",
751,"13.721","-1.0036","-1.2157","9.8276","200.2256",
752,"13.772","0.1025","-1.3223","8.8843","200.2242",
753,"13.776","-0.3009","-0.7297","10.3986","200.227",
754,"13.78","-0.1285","-0.6531","10.219","200.2299",
755,"13.785","-0.2769","-0.75","10.1245","200.2327",
756,"13.828","-1.5566","-0.4615","10.383","200.2256",
757,"13.83","-1.5674","-0.4101","8.6724","200.2285",
758,"13.835","-0.028","-0.8793","10.6284","200.2313",
759,"13.893","0.5862","-1.6383","11.7322","200.2179",
760,"13.895","0.3815","-1.2205","9.5941","200.2356",
761,"13.9","0.0295","-0.9727","8.7837","200.2384",
762,"13.954","-0.8061","-0.3634","10.5303","200.2222",
763,"13.956","0.1325","-0.5513","9.9533","200.2251",
764,"13.961","0.7561","-0.9907","9.3954","200.2279",
765,"13.965","-0.0675","-0.8374","8.9968","200.2307",
766,"14.017","0.0116","-1.6287","10.6212","200.2293",
767,"14.077","-1.1269","0.0891","9.6827","200.2188",
768,"14.08","-1.5626","-0.3335","10.3866","200.2364",
769,"14.085","-0.6995","-0.0545","9.6121","200.2245",
770,"14.14","0.798","-1.1188","8.6005","200.2259",
771,"14.145","0.4772","-1.7915","10.0335","200.2287",
772,"14.15","-0.0627","-1.09","10.4788","200.2315",
773,"14.201","-0.1991","-0.6435","10.1257","200.2126",
774,"14.203","-0.8779","-0.2353","9.2697","200.2154",
775,"14.266","0.1408","-1.1236","9.4864","200.2225",
776,"14.32","-0.0375","-1.2373","10.3028","200.1889",
777,"14.321","0.6197","-1.4228","10.3148","200.224",
778,"14.325","-0.5044","-0.2892","9.9748","200.2268",
779,"14.33","-1.5686","-0.5166","9.4433","200.2296",
780,"14.335","-1.079","-0.3383","10.322","200.2324",
781,"14.373","-0.071","-0.6411","9.2757","200.2226",
782,"14.375","-0.0267","-0.1311","9.6959","200.2254",
783,"14.379","-0.6899","-0.762","10.6919","200.2282",
784,"14.384","-0.7259","-0.9607","9.818","200.231",
785,"14.427","-1.0227","-0.2545","9.8958","200.224",
786,"14.429","0.1624","-1.199","9.3296","200.2268",
787,"14.434","0.81","-1.5737","10.4285","200.2296",
788,"14.486","0.2258","-1.0242","10.5434","200.2283",
789,"14.489","0.1756","-0.9272","10.5901","200.2311",
790,"14.495","-0.4781","-1.0397","8.4772","200.2339",
791,"14.499","-0.9437","-0.4316","9.7988","200.2367",
792,"14.552","-1.5638","-0.9835","10.3375","200.2207",
793,"14.554","-0.7893","-1.1642","10.0778","200.2381",
794,"14.56","0.968","-1.2361","10.0215","200.229",
795,"14.57","-0.4326","-0.3586","9.8779","200.2318",
796,"14.611","0.3467","-0.3454","9.9628","200.2249",
797,"14.614","-0.095","-1.0709","10.6823","200.2277",
798,"14.619","-0.0591","0.3022","9.0961","200.2305",
799,"14.677","-0.247","-1.4109","10.6871","200.2173",
800,"14.679","0.1732","-0.926","8.9417","200.2347",
801,"14.684","0.336","-1.0146","10.0766","200.2375",
802,"14.73","0.506","-0.428","9.2961","200.2333",
803,"14.734","-0.0519","-1.0314","9.6887","200.2361",
804,"14.791","-0.7977","-0.7932","8.7873","200.2229",
805,"14.794","-0.1872","-1.1738","11.9309","200.2257",
806,"14.799","0.7178","-0.7489","10.4177","200.2285",
807,"14.853","-0.2207","0.0915","10.2238","200.2126",
808,"14.855","-0.259","-0.3766","9.5678","200.2299",
809,"14.859","0.4138","-0.3502","9.0531","200.2327",
810,"14.864","-0.332","-1.5186","11.1192","200.2355",
811,"14.868","-0.3141","-0.8362","9.6648","200.2383",
812,"14.908","-0.8791","-0.5705","10.6931","200.214",
813,"14.909","-0.7749","-0.7393","9.0447","200.2314",
814,"14.914","-0.5738","-0.9141","10.1221","200.2342",
815,"14.918","-0.1979","-1.3247","10.3088","200.2369",
816,"14.961","-0.1321","-0.5537","9.2769","200.23",
817,"14.964","-0.2817","-0.4041","10.1448","200.2328",
818,"14.969","0.0774","-0.6878","10.4668","200.2356",
819,"15.022","0.4856","-0.6842","10.1975","200.2197",
820,"15.024","0.482","-1.4707","9.4816","200.237",
821,"15.028","-0.2889","-0.9679","9.6743","200.2398",
822,"15.033","-1.0108","-1.2864","10.5889","200.228",
823,"15.078","-1.4154","-0.355","8.4916","200.2211",
824,"15.079","-0.083","-1.26","10.8583","200.2239",
825,"15.083","1.0566","-0.9452","9.4385","200.2267",
826,"15.136","-0.0256","-0.5382","9.387","200.2253",
827,"15.192","0.1588","-1.6383","10.7493","200.2267",
828,"15.194","0.0774","-1.8418","9.1979","200.2295",
829,"15.199","0.1588","-1.5773","10.5746","200.2323",
830,"15.258","0.3036","-0.1766","10.5794","200.2192",
831,"15.259","0.3276","-0.7477","10.468","200.2365",
832,"15.263","0.3886","-0.5082","9.3715","200.2247",
833,"15.268","-0.654","-1.1774","9.9581","200.2275",
834,"15.319","-0.9677","-1.533","9.2985","200.2262",
835,"15.379","0.2354","-0.7381","9.9198","200.2303",
836,"15.383","0.2857","-0.2712","9.3344","200.2331",
837,"15.441","0.0582","-1.1559","9.5187","200.22",
838,"15.443","0.1229","-1.4444","9.4924","200.2372",
839,"15.448","-0.2781","-1.1631","10.7398","200.2256",
840,"15.503","0.2175","-0.3574","10.3471","200.227",
841,"15.508","0.8124","-0.8578","9.9066","200.2297",
842,"15.513","0.1444","-0.7237","9.3416","200.2325",
843,"15.517","-1.2107","-1.0757","10.5722","200.2352",
844,"15.564","-0.4924","-1.8681","10.4812","200.2311",
845,"15.568","0.0403","-1.0014","8.9118","200.2339",
846,"15.627","0.403","-0.3478","9.4445","200.2209",
847,"15.629","-1.2646","-0.8458","10.2071","200.2236",
848,"15.633","-1.8392","-0.8075","9.891","200.2264",
849,"15.69","-0.2877","-1.0613","9.7605","200.2278",
850,"15.693","0.5131","-0.6734","10.407","200.2305",
851,"15.698","0.6628","-1.0098","11.6232","200.2333",
852,"15.703","-0.848","-0.6268","8.8627","200.236",
853,"15.755","-0.3715","-2.3111","9.6708","200.2203",
854,"15.758","-1.0263","-0.5418","8.9525","200.2374",
855,"15.763","-0.654","-1.5054","12.2481","200.2258",
856,"15.768","0.8423","-0.4137","8.1241","200.2285",
857,"15.813","-0.5702","-0.1192","10.055","200.2388",
858,"15.817","-0.6253","0.0041","9.6504","200.2272",
859,"15.872","0.1768","-1.1271","9.6708","200.2116",
860,"15.874","-0.83","-0.2473","8.7502","200.2286",
861,"15.878","-1.7721","-1.0936","11.3587","200.2314",
862,"15.882","-0.3344","-0.8422","9.7498","200.2341",
863,"15.934","0.1875","-0.3634","10.1544","200.2328",
864,"15.991","0.0965","-1.1451","9.9916","200.2198",
865,"15.994","-0.2291","-1.1511","9.7186","200.2226",
866,"15.998","-0.3548","-1.2744","10.0754","200.2253",
867,"16.003","0.2749","-1.3546","10.0778","200.228",
868,"16.053","0.4293","-0.5034","10.073","200.2267",
869,"16.057","-0.3392","-0.4029","9.4673","200.2294",
870,"16.062","-0.8911","0.2483","9.6001","200.2322",
871,"16.067","-0.5379","-0.683","10.2382","200.2349",
872,"16.117","-0.6528","-1.1463","10.1795","200.2336",
873,"16.122","-0.1165","-1.005","9.7079","200.2363",
874,"16.179","-0.4409","-0.3718","9.9174","200.2234",
875,"16.182","-1.2442","-0.0557","9.5139","200.2404",
876,"16.187","-0.6564","-0.622","9.6013","200.2289",
877,"16.24","-0.7809","-0.8937","9.6528","200.2275",
878,"16.242","-0.3931","-1.0158","9.915","200.2302",
879,"16.247","0.2629","-1.2564","10.0526","200.233",
880,"16.251","0.646","-1.2935","9.7258","200.2357",
881,"16.292","0.0989","-0.5633","10.6117","200.2289",
882,"16.296","-0.1848","-0.1898","9.6025","200.2316",
883,"16.301","-0.4457","-0.1252","10.14","200.2343",
884,"16.346","-0.6768","-0.6998","9.2099","200.2134",
885,"16.347","-0.7702","-0.7884","9.1979","200.2303",
886,"16.351","-1.0179","-0.6986","10.4453","200.233",
887,"16.398","-0.4852","-1.2373","9.8707","200.229",
888,"16.401","0.2594","-0.7967","9.1488","200.2317",
889,"16.45","-0.8252","-0.0761","9.581","200.2277",
890,"16.451","-0.2027","-0.045","9.5905","200.2304",
891,"16.505","-0.0208","-0.1252","10.0514","200.2149",
892,"16.507","-0.8899","-0.9931","9.9832","200.2318",
893,"16.511","-1.4753","-1.4408","10.0083","200.2345",
894,"16.516","-0.3524","-0.8327","9.7737","200.2372",
895,"16.56","-0.9665","-1.3438","9.2182","200.2163",
896,"16.562","0.0331","-1.0421","10.1592","200.2332",
897,"16.566","0.8735","-0.2712","10.146","200.2359",
898,"16.613","-0.4409","-0.2137","9.7174","200.2318",
899,"16.616","-0.7139","-0.3131","9.9581","200.2346",
900,"16.668","0.4497","-1.8143","10.2729","200.2191",
901,"16.722","-0.35","-0.6555","10.0526","200.2346",
902,"16.726","-1.6632","-0.1108","8.9693","200.2373",
903,"16.731","-0.8958","0.0305","9.9784","200.24",
904,"16.735","-0.5595","-2.0345","11.3479","200.2427",
905,"16.785","0.8567","-2.2285","10.6751","200.2246",
906,"16.786","0.5921","-1.1523","9.0147","200.2273",
907,"16.841","-0.162","-0.7117","9.2865","200.2287",
908,"16.846","0.415","-0.6615","10.3064","200.2313",
909,"16.851","0.0702","-1.2337","10.3004","200.234",
910,"16.907","-0.168","-0.6315","10.0514","200.2354",
911,"16.913","-1.237","-0.2712","9.9736","200.224",
912,"16.916","-1.0754","-0.3861","10.4118","200.2408",
913,"16.963","-0.9737","-0.6327","10.0443","200.2227",
914,"16.965","-0.8168","-1.2097","10.1568","200.2395",
915,"17.023","0.719","-1.0565","10.0526","200.2268",
916,"17.026","-0.0663","-0.446","9.5977","200.2295",
917,"17.03","-1.4262","-0.7321","10.4788","200.2321",
918,"17.035","-1.267","-0.428","8.9716","200.2348",
919,"17.087","-0.32","-1.4324","10.5434","200.2335",
920,"17.09","-0.1261","-0.6986","9.1536","200.2362",
921,"17.096","0.1265","-1.2325","10.0275","200.2389",
922,"17.1","0.5179","-1.2876","10.3471","200.2415",
923,"17.143","-1.0239","-0.4556","9.7869","200.2209",
924,"17.145","-1.0515","-0.3981","10.6404","200.2375",
925,"17.15","-0.0758","0.0077","10.0383","200.2402",
926,"17.212","0.0571","-0.4041","9.9221","200.2302",
927,"17.215","0.4928","-0.4735","10.6512","200.2329",
928,"17.265","-1.2382","-0.5142","9.6337","200.2316",
929,"17.27","-1.3807","-0.5813","10.4572","200.2343",
930,"17.319","-0.2446","-1.2983","10.4608","200.2163",
931,"17.321","0.081","-0.6878","8.6448","200.233",
932,"17.325","0.2582","-0.7524","11.0522","200.2356",
933,"17.33","0.1612","-0.768","9.7306","200.2383",
934,"17.334","-0.4613","-1.0182","9.3954","200.241",
935,"17.38","-0.7199","0.143","9.2027","200.2204",
936,"17.382","-0.6971","-0.7812","9.2386","200.2231",
937,"17.384","-0.3536","-0.786","9.9341","200.2397",
938,"17.436","0.7334","-0.6974","10.3064","200.2384",
939,"17.44","0.1983","-0.6172","10.0071","200.241",
940,"17.445","-0.4362","-0.7728","9.7905","200.2298",
941,"17.449","-0.3057","-0.5825","9.5894","200.2324",
942,"17.49","-0.9569","-0.6387","10.0251","200.2397",
943,"17.495","-0.3332","-0.3119","9.9904","200.2424",
944,"17.499","0.1779","-0.9488","9.6073","200.2311",
945,"17.545","0.1241","-1.1774","11.1707","200.2411",
946,"17.55","-0.0016","-0.5489","9.1584","200.2298",
947,"17.554","-0.4122","-1.1666","10.6069","200.2325",
948,"17.604","-0.7785","-1.345","9.7701","200.2146",
949,"17.606","-1.4896","-0.3119","9.3248","200.2312",
950,"17.61","-1.2514","-1.029","10.3327","200.2338",
951,"17.614","0.4425","-0.3933","9.9988","200.2365",
952,"17.619","1.3415","-1.7341","10.134","200.2392",
953,"17.667","-0.7103","0.2519","9.5091","200.2213",
954,"17.669","-0.3176","0.0412","10.2513","200.2378",
955,"17.728","-0.1429","-1.5916","11.4018","200.2253",
956,"17.731","0.0882","-1.3881","9.569","200.228",
957,"17.734","-0.0291","-1.2756","9.8719","200.2306",
958,"17.794","-0.2925","-1.1152","9.6337","200.2181",
959,"17.796","-0.514","-1.1236","10.158","200.2346",
960,"17.8","-0.3919","-1.1631","10.3088","200.2373",
961,"17.846","0.7609","-1.503","10.6847","200.2333",
962,"17.849","0.1432","-1.0876","8.9154","200.236",
963,"17.9","-0.5487","-0.8207","9.7378","200.2347",
964,"17.904","0.0163","-0.8015","10.2873","200.2373",
965,"17.958","0.7729","-1.0828","9.8779","200.2387",
966,"17.964","-1.1197","-0.1491","9.0339","200.2413",
967,"17.969","-0.909","-0.4915","9.8443","200.2439",
968,"18.018","-0.1309","-1.1427","10.79","200.2262",
969,"18.019","-0.4374","-1.3199","9.7198","200.2288",
970,"18.076","-0.083","-1.2923","9.1847","200.2302",
971,"18.079","-0.9868","-1.0625","9.8683","200.2328",
972,"18.084","-1.3675","-1.1176","10.2358","200.2354",
973,"18.141","0.6388","-1.333","9.49","200.223",
974,"18.144","1.1727","-1.3594","9.9377","200.2394",
975,"18.149","0.1803","-1.4312","9.6791","200.2421",
976,"18.153","-0.9389","-1.2864","9.4888","200.2309",
977,"18.199","-1.5997","-0.3538","9.3044","200.2408",
978,"18.204","-0.6385","-0.9787","9.9042","200.2296",
979,"18.261","0.3994","-0.3347","9.247","200.231",
980,"18.263","-0.0148","-1.5126","10.0885","200.2336",
981,"18.269","-0.8923","-0.8123","9.7713","200.2362",
982,"18.317","-0.4158","-1.3989","9.7809","200.2186",
983,"18.318","1.2122","-0.9823","10.0251","200.2349",
984,"18.369","-0.9988","-1.2648","10.7015","200.2336",
985,"18.428","-0.4242","-0.8422","10.3148","200.2213",
986,"18.43","0.5718","-0.4987","9.7629","200.2239",
987,"18.433","0.3443","-1.0769","10.3387","200.2402",
988,"18.491","-0.4517","-1.1846","9.0974","200.2278",
989,"18.493","0.0954","-0.6088","10.4345","200.2442",
990,"18.498","0.0235","-0.9931","10.7027","200.2331",
991,"18.503","0.3503","-1.0529","9.5223","200.2357",
992,"18.553","-0.0615","-0.1036","8.7059","200.2181",
993,"18.555","-0.4302","-0.5082","9.5295","200.2344",
994,"18.558","-0.6947","-0.5789","10.7817","200.237",
995,"18.564","-0.2734","-1.3989","9.2877","200.2397",
996,"18.568","0.5862","-1.0074","9.6516","200.2422",
997,"18.616","-0.824","-0.5274","10.0694","200.2247",
998,"18.619","0.1815","-0.6471","9.8994","200.241",
999,"18.676","0.2031","-1.5737","9.6073","200.2286",
1000,"18.679","0.591","-1.3546","10.1855","200.2312",
1001,"18.683","-0.3176","-0.185","8.8723","200.2339",
1002,"18.737","-1.2657","-0.6483","10.2573","200.2189",
1003,"18.743","0.4521","-1.5425","9.8096","200.2378",
1004,"18.748","0.5766","-1.7472","9.9904","200.2404",
1005,"18.752","0.3264","-1.1427","10.389","200.243",
1006,"18.8","-1.1939","-0.8889","9.4158","200.2255",
1007,"18.803","-1.9098","-0.8434","10.4082","200.2281",
1008,"18.861","-0.4302","-1.199","10.9373","200.2294",
1009,"18.863","0.1576","-0.8973","9.9904","200.232",
1010,"18.868","0.585","-0.8231","9.9221","200.2346",
1011,"18.927","-0.9677","-0.8937","9.6037","200.2223",
1012,"18.929","-0.6648","-0.7752","11.4856","200.2249",
1013,"18.933","0.3719","-1.0565","9.2446","200.2411",
1014,"18.983","0.0044","-0.0892","10.2095","200.2399",
1015,"19.038","0.0331","-1.108","9.5798","200.2412",
1016,"19.042","0.1384","-1.096","10.571","200.2438",
1017,"19.047","0.0954","-0.4831","9.0878","200.2328",
1018,"19.052","-0.2267","-0.3311","9.5307","200.2354",
1019,"19.1","-1.0299","-0.756","9.8072","200.2315",
1020,"19.102","-0.5367","-0.4041","10.3471","200.2341",
1021,"19.161","-0.7223","-0.2485","9.1835","200.2219",
1022,"19.163","-1.0754","-0.9536","9.9628","200.238",
1023,"19.168","-0.0435","0.6877","9.666","200.2406",
1024,"19.223","-0.2051","-1.4444","10.4034","200.2284",
1025,"19.227","0.9285","-0.4508","9.6863","200.2445",
1026,"19.232","-0.0555","-0.8698","9.8048","200.2335",
1027,"19.237","-1.2478","-0.8303","9.9724","200.2361",
1028,"19.286","-0.259","-1.2887","9.5678","200.2187",
1029,"19.287","-0.5762","-1.1379","9.7773","200.2349",
1030,"19.345","-0.739","-0.5118","10.7254","200.2227",
1031,"19.348","-1.6249","-1.8993","10.7757","200.2388",
1032,"19.352","-1.5411","-0.3658","9.1895","200.2413",
1033,"19.404","0.172","-0.9057","9.4361","200.2266",
1034,"19.406","-0.3859","-0.1108","10.2753","200.2426",
1035,"19.411","-0.49","-0.3514","10.6631","200.2452",
1036,"19.416","-0.8851","0.1107","9.1668","200.2343",
1037,"19.461","-0.5295","-0.9117","9.4349","200.244",
1038,"19.466","0.2761","-1.8059","10.3591","200.233",
1039,"19.519","-0.7402","-0.1072","8.1576","200.2318",
1040,"19.521","-0.8216","-0.8446","10.6787","200.2343",
1041,"19.58","0.4904","-1.2756","10.3268","200.2222",
1042,"19.582","1.4253","-1.7053","9.9628","200.2382",
1043,"19.586","0.8352","-1.2145","9.7941","200.2408",
1044,"19.643","-0.3763","-0.7022","9.563","200.2126",
1045,"19.645","-0.0615","-0.7153","10.3076","200.2312",
1046,"19.651","0.2546","-0.6926","9.7785","200.2338",
1047,"19.708","-0.7187","-0.5753","10.055","200.2351",
1048,"19.711","0.0894","-1.5976","10.14","200.2377",
1049,"19.716","0.6688","-1.199","10.5446","200.2402",
1050,"19.772","0.0379","-0.5573","11.2186","200.2415",
1051,"19.776","-0.6864","-0.6447","10.1221","200.2441",
1052,"19.781","-0.9569","-0.2233","9.2865","200.2332",
1053,"19.786","-0.3344","-0.4125","9.4876","200.2358",
1054,"19.829","1.4457","-1.2564","8.8244","200.2294",
1055,"19.831","0.9537","-1.3462","11.0498","200.2454",
1056,"19.836","-0.0052","-0.5334","9.4888","200.2345",
1057,"19.888","-1.5423","-0.5896","9.3799","200.2333",
1058,"19.891","-0.8276","-1.0338","10.2777","200.2358",
1059,"19.896","0.1576","-1.1331","9.6995","200.2384",
1060,"19.9","0.6053","-1.7341","10.6548","200.241",
1061,"19.906","0.5479","-0.5836","9.0159","200.2435",
1062,"19.95","-1.401","-0.6327","10.5075","200.2238",
1063,"19.952","-2.5107","-0.3706","9.1859","200.2397",
1064,"20.004","0.5347","-1.3462","10.7841","200.2251",
1065,"20.007","0.749","-1.4085","9.5175","200.241",
1066,"20.011","0.1528","-1.2217","9.7689","200.2436",
1067,"20.015","-0.7091","-0.5047","9.1596","200.2461",
1068,"20.02","-1.2717","-0.6028","10.9445","200.2353",
1069,"20.067","-0.9868","-0.5082","10.3423","200.2156",
1070,"20.068","-1.6752","-1.0386","8.7131","200.2315",
1071,"20.07","-0.2961","-1.3163","9.7785","200.234",
1072,"20.119","0.8471","-0.7405","10.0419","200.2303",
1073,"20.177","1.6432","-0.4592","9.7737","200.2341",
1074,"20.18","-0.156","-0.4364","10.5267","200.2366",
1075,"20.185","-2.0235","-0.4496","10.1795","200.2392",
1076,"20.239","-0.1512","-0.9524","10.1436","200.2246",
1077,"20.241","0.1384","-0.5154","9.3009","200.2405",
1078,"20.245","-0.0483","-0.525","10.0909","200.243",
1079,"20.25","0.2402","-0.2401","10.4548","200.2456",
1080,"20.299","-1.0203","-0.3694","9.1237","200.2285",
1081,"20.301","-0.2793","-0.8614","10.383","200.231",
1082,"20.362","-0.417","-0.5334","9.5606","200.2348",
1083,"20.365","-1.7254","-1.1295","11.142","200.2374",
1084,"20.37","-0.9533","-0.6327","9.2099","200.2399",
1085,"20.425","-0.4589","-1.3247","9.5702","200.2254",
1086,"20.426","-0.7294","-0.1994","7.9984","200.2412",
1087,"20.429","-0.411","-2.0285","12.6922","200.2438",
1088,"20.434","-0.32","-0.7656","8.1456","200.2463",
1089,"20.486","-0.271","-1.5186","9.7797","200.2318",
1090,"20.489","-0.6899","-1.1056","9.5762","200.2343",
1091,"20.495","-1.4609","-0.9081","11.288","200.2368",
1092,"20.499","-1.1676","-0.258","8.4665","200.2393",
1093,"20.543","0.64","-0.6591","9.2015","200.2331",
1094,"20.544","0.9704","-1.3953","10.1089","200.2356",
1095,"20.549","0.3168","-0.7644","8.6568","200.2381",
1096,"20.601","0.087","-0.5442","9.0183","200.2369",
1097,"20.66","-0.1249","-0.7644","9.7797","200.2407",
1098,"20.664","-0.1285","-1.3666","9.9521","200.2432",
1099,"20.669","0.2665","-1.4073","9.9664","200.2458",
1100,"20.717","0.0798","-0.179","9.9976","200.2288",
1101,"20.719","-0.7797","-0.6028","9.8838","200.2445",
1102,"20.782","0.0642","-0.5226","10.8128","200.2351",
1103,"20.785","-0.3931","-0.7716","8.8974","200.2376",
1104,"20.845","-1.2598","0.3058","8.9106","200.2414",
1105,"20.849","-1.1113","-0.0713","10.6141","200.2439",
1106,"20.907","0.579","-0.6567","10.1484","200.232",
1107,"20.909","-0.4445","-0.4639","9.4768","200.2345",
1108,"20.914","-1.4621","-1.4743","10.1556","200.237",
1109,"20.919","-0.5415","-0.6351","9.247","200.2396",
1110,"20.967","1.5702","-0.7572","9.1117","200.2201",
1111,"20.969","-1.2945","-0.2209","10.3866","200.2383",
1112,"21.023","0.3958","-0.9883","8.1756","200.2239",
1113,"21.024","1.1428","-0.9117","9.6708","200.2396",
1114,"21.029","0.6759","-1.0481","11.8974","200.2421",
1115,"21.033","-0.1501","-0.2054","8.5215","200.2446",
1116,"21.085","-0.2159","-1.0721","9.6181","200.2303",
1117,"21.145","-0.8288","-1.4408","11.9476","200.234",
1118,"21.149","0.7645","-0.8734","9.0183","200.2366",
1119,"21.202","-1.2011","-1.5737","9.9233","200.2353",
1120,"21.204","-1.1664","-0.5717","9.3799","200.2378",
1121,"21.259","-0.1884","-1.7209","9.241","200.2391",
1122,"21.263","-0.9294","-1.2696","9.4828","200.2416",
1123,"21.269","-1.3663","-1.1056","10.4513","200.2441",
1124,"21.322","-0.0866","-1.333","9.7126","200.2298",
1125,"21.324","-0.7378","-1.084","9.5977","200.2454",
1126,"21.328","-0.5283","-0.865","9.7749","200.2479",
1127,"21.334","-0.6624","-1.4563","9.6875","200.2373",
1128,"21.387","0.1552","-0.9129","8.8735","200.223",
1129,"21.389","-1.0419","-1.1726","8.239","200.2385",
1130,"21.394","-1.1329","-1.3977","11.2473","200.2411",
1131,"21.398","-0.8887","-0.7225","9.7857","200.2435",
1132,"21.403","-0.3667","-1.169","9.5103","200.246",
1133,"21.452","0.1911","-1.9687","9.8934","200.2292",
1134,"21.455","-0.9425","-1.5557","10.9253","200.2317",
1135,"21.508","-0.0447","-1.266","9.8814","200.2461",
1136,"21.513","-0.1668","-1.2816","8.9645","200.2486",
1137,"21.518","-0.0962","-1.3151","9.0195","200.238",
1138,"21.569","0.0774","-1.3163","9.4649","200.2368",
1139,"21.628","-0.5056","-1.4073","10.7134","200.2405",
1140,"21.633","0.2055","-0.8279","8.9693","200.243",
1141,"21.693","-0.1141","-1.6395","10.2525","200.2468",
1142,"21.698","0.2486","-1.0457","9.6408","200.2362",
1143,"21.703","-0.4673","-1.3019","9.5953","200.2387",
1144,"21.756","0.4066","-0.9033","8.9812","200.2375",
1145,"21.758","0.0499","-1.175","10.5985","200.24",
1146,"21.763","-0.3871","-0.4424","8.8124","200.2425",
1147,"21.767","-1.7183","-1.5138","9.7653","200.2449",
1148,"21.819","0.4186","-0.9655","10.3806","200.2437",
1149,"21.881","0.6065","-0.7548","9.806","200.2345",
1150,"21.883","-0.6062","-0.7357","11.2126","200.237",
1151,"21.944","-0.35","-0.8063","11.0175","200.2407",
1152,"21.948","-0.3691","-0.7345","9.3475","200.2432",
1153,"21.952","-0.4086","-0.7836","9.4696","200.2456",
1154,"22.014","-0.4158","-1.1595","10.0179","200.2364",
1155,"22.017","-1.2526","-1.0661","9.5439","200.2389",
1156,"22.07","0.4102","-0.5573","10.1316","200.2377",
1157,"22.071","0.2474","-0.8446","9.7126","200.2401",
1158,"22.125","-0.0256","-0.537","9.4996","200.2389",
1159,"22.127","0.227","-0.7189","9.1883","200.2414",
1160,"22.132","-0.3141","-0.9308","9.6911","200.2439",
1161,"22.136","-0.1177","-0.9967","10.1029","200.2463",
1162,"22.189","-0.0315","-1.0565","8.9417","200.2322",
1163,"22.192","0.9261","-1.8741","10.5782","200.2476",
1164,"22.197","1.3044","-1.6323","10.0802","200.2371",
1165,"22.202","0.1049","-1.1176","9.3918","200.2396",
1166,"22.245","-0.8156","-0.9943","10.1005","200.2334",
1167,"22.246","-0.6744","-1.0434","9.065","200.2488",
1168,"22.251","-0.1836","-0.6722","10.2118","200.2384",
1169,"22.305","-0.6205","-1.1271","10.2932","200.2372",
1170,"22.307","-1.747","-0.9823","10.5303","200.2396",
1171,"22.312","-0.3847","-0.7381","9.6217","200.2421",
1172,"22.316","1.0411","-0.8374","9.0052","200.2446",
1173,"22.321","0.5335","-1.2421","9.4541","200.247",
1174,"22.367","-1.6225","-0.531","9.666","200.2433",
1175,"22.422","1.0051","-1.3606","10.3902","200.2446",
1176,"22.426","0.6472","-0.6411","9.5738","200.2471",
1177,"22.431","-1.5997","-1.7018","11.0211","200.2495",
1178,"22.436","-1.6764","-0.6734","8.8495","200.2391",
1179,"22.483","1.0662","-1.4073","9.812","200.2354",
1180,"22.486","0.0666","-0.6866","10.225","200.2508",
1181,"22.534","-1.2789","-0.7213","9.0926","200.2342",
1182,"22.536","0.4832","-1.0709","9.5307","200.2496",
1183,"22.593","-1.2155","-0.8219","10.9301","200.2379",
1184,"22.596","-1.6309","-0.343","8.6149","200.2404",
1185,"22.601","-0.9449","-0.9583","9.9593","200.2428",
1186,"22.668","0.1995","-0.6052","9.2075","200.2361",
1187,"22.671","0.2294","-1.0805","8.4318","200.2386",
1188,"22.731","0.8411","-0.9153","9.5726","200.2423",
1189,"22.736","0.986","-1.1092","9.5558","200.2447",
1190,"22.789","-1.0431","-1.4168","12.0482","200.2307",
1191,"22.79","-0.4637","-0.6938","9.095","200.246",
1192,"22.796","0.0954","-0.3718","9.2601","200.2484",
1193,"22.8","0.1971","-0.4125","9.5499","200.2509",
1194,"22.843","-0.8719","-0.7405","9.7486","200.232",
1195,"22.846","-1.9062","-0.0916","10.9409","200.2472",
1196,"22.851","-1.7003","-0.9428","9.9042","200.2496",
1197,"22.855","0.591","-0.7908","9.4265","200.2393",
1198,"22.9","1.0889","-1.3426","9.836","200.2332",
1199,"22.901","0.6927","-1.1834","9.6277","200.2357",
1200,"22.96","0.4736","-1.1032","9.9305","200.2369",
1201,"22.962","0.2151","-1.2576","9.721","200.2393",
1202,"22.965","-0.3212","-1.515","9.5522","200.2418",
1203,"22.971","-0.7402","-0.938","9.8982","200.2442",
1204,"23.024","0.0606","-1.3701","10.2873","200.2303",
1205,"23.026","-0.0591","-1.3869","9.666","200.2455",
1206,"23.03","-0.1967","-0.9332","9.8132","200.2479",
1207,"23.035","-0.1381","-0.2425","9.4673","200.2503",
1208,"23.081","-0.1345","-1.351","10","200.2467",
1209,"23.085","-0.9533","-1.4755","9.9198","200.2491",
1210,"23.145","-1.0479","-1.594","8.8005","200.2249",
1211,"23.147","-0.162","-1.7724","10.2513","200.2401",
1212,"23.15","0.2773","-1.2457","10.3208","200.2425",
1213,"23.215","-0.6504","-1.3725","9.9485","200.2486",
1214,"23.22","-0.3488","-0.8578","9.6935","200.251",
1215,"23.275","-0.3967","-1.2014","9.2781","200.2395",
1216,"23.28","-0.9126","-1.1738","9.3224","200.2419",
1217,"23.285","-1.1077","-1.4013","10.9924","200.2444",
1218,"23.338","-0.8743","-1.6682","10.413","200.2305",
1219,"23.34","-0.7091","-0.4292","9.5403","200.2456",
1220,"23.345","-0.1189","-0.8374","10.6045","200.248",
1221,"23.349","-0.0794","-0.2892","9.0542","200.2504",
1222,"23.392","-0.2099","-1.1259","9.3176","200.2317",
1223,"23.395","0.0714","-1.5378","10.8092","200.2468",
1224,"23.4","0.0068","-0.7896","8.8843","200.2492",
1225,"23.447","-0.8264","-0.5932","9.1392","200.2329",
1226,"23.449","-0.4793","-0.7405","9.1979","200.248",
1227,"23.501","0.0307","-1.5246","9.9329","200.2469",
1228,"23.565","-1.1951","-0.0892","9.7929","200.2402",
1229,"23.569","-1.261","-0.6411","10.3447","200.2426",
1230,"23.621","-0.0734","-1.4133","10.5375","200.2415",
1231,"23.624","-0.684","-1.2014","9.4541","200.2439",
1232,"23.629","-0.7678","-1.4037","9.3212","200.2463",
1233,"23.634","-0.5667","-1.4899","10.5794","200.2487",
1234,"23.681","-0.6181","-1.0661","9.9233","200.2451",
1235,"23.684","0.0714","-1.2133","9.3942","200.2475",
1236,"23.741","-0.5786","-1.3534","9.575","200.2361",
1237,"23.744","-0.0028","-1.5856","10.2537","200.2511",
1238,"23.749","-0.01","-1.2217","9.8731","200.2409",
1239,"23.754","-0.1488","-0.7884","9.9521","200.2433",
1240,"23.802","-0.3655","-0.9967","9.9269","200.2398",
1241,"23.805","-0.3859","-0.9404","9.4565","200.2422",
1242,"23.862","0.5167","-1.3618","9.654","200.2308",
1243,"23.865","0.2426","-1.0769","10.0419","200.2458",
1244,"23.869","-0.5499","-0.4639","10.1017","200.2482",
1245,"23.927","-0.4948","-0.3371","9.6061","200.2368",
1246,"23.929","-0.7785","-0.4855","10.0119","200.2392",
1247,"23.934","-0.4852","-0.8614","10.158","200.2416",
1248,"23.982","0.2151","-1.1523","9.3284","200.238",
1249,"23.984","0.3396","-1.3354","10.2274","200.2404",
1250,"24.043","-0.0555","-0.6279","9.5594","200.2291",
1251,"24.045","-0.3931","-0.9021","10.0311","200.2441",
1252,"24.048","-0.417","-0.9895","10.0742","200.2465",
1253,"24.053","0.0319","-1.2612","9.8515","200.2488",
1254,"24.105","-0.9964","-0.8398","9.9724","200.2351",
1255,"24.108","-0.2518","-1.0481","9.8802","200.2501",
1256,"24.113","0.1337","-1.1618","9.7821","200.2399",
1257,"24.118","-0.089","-1.1236","9.903","200.2423",
1258,"24.163","0.0295","-1.4097","9.9497","200.2363",
1259,"24.165","-0.0411","-1.3546","9.8719","200.2387",
1260,"24.168","-0.2518","-1.0948","9.8024","200.2411",
1261,"24.216","-0.1955","-1.1666","9.8264","200.2376",
1262,"24.219","-0.3176","-1.0254","9.8096","200.2399",
1263,"24.274","-0.4026","-0.9081","9.9557","200.2412",
1264,"24.278","-0.3368","-0.6854","9.891","200.2436",
1265,"24.283","-0.2303","-0.7117","9.8348","200.246",
1266,"24.326","-0.0938","-0.9679","9.8276","200.24",
1267,"24.328","-0.1512","-1.0493","9.9545","200.2424",
1268,"24.333","-0.2243","-1.0457","9.891","200.2448",
1269,"24.385","-0.2075","-1.0972","9.9293","200.2436",
1270,"24.445","-0.1967","-0.8482","9.8168","200.2347",
1271,"24.448","-0.0483","-0.9763","9.8779","200.2496",
1272,"24.453","0.0104","-0.9679","9.9018","200.252",
1273,"24.501","-0.0603","-1.0565","9.8132","200.2359",
1274,"24.503","-0.0172","-1.0996","9.8767","200.2508",
1275,"24.56","-0.2231","-0.8518","9.8647","200.2395",
1276,"24.563","-0.2769","-0.8913","9.9054","200.2419",
1277,"24.568","-0.3165","-0.9081","9.9305","200.2443",
1278,"24.629","-0.2566","-0.8817","9.9185","200.2354",
1279,"24.632","-0.247","-0.8805","9.9042","200.2502",
1280,"24.69","-0.2494","-0.8698","9.897","200.239",
1281,"24.692","-0.2781","-0.8949","9.891","200.2414",
1282,"24.698","-0.2482","-0.8865","9.8994","200.2437",
1283,"24.702","-0.2542","-0.8853","9.897","200.2461",
1284,"24.746","-0.2494","-0.9093","9.891","200.2402",
1285,"24.752","-0.2662","-0.865","9.885","200.2449",
1286,"24.807","-0.2494","-0.8458","9.8587","200.2461",
1287,"24.812","-0.2805","-0.8889","9.885","200.2485",
1288,"24.817","-0.271","-0.8901","9.903","200.2509",
1289,"24.858","-0.2638","-0.8602","9.885","200.245",
1290,"24.862","-0.2518","-0.8638","9.8719","200.2474",
1291,"24.867","-0.2386","-0.9057","9.897","200.2497",
1292,"24.918","-0.2506","-0.877","9.8683","200.2486",
1293,"24.978","-0.2518","-0.8985","9.8707","200.2397",
1294,"24.982","-0.2602","-0.8889","9.891","200.2421",
1295,"25.039","-0.2315","-0.9105","9.9305","200.2433",
1296,"25.042","-0.247","-0.8985","9.9473","200.2457",
1297,"25.046","-0.2626","-0.9129","9.8731","200.248",
1298,"25.051","-0.2518","-0.8925","9.8779","200.2504",
1299,"25.092","-0.2518","-0.9081","9.8635","200.2445",
1300,"25.096","-0.2327","-0.9057","9.8671","200.2468",
1301,"25.101","-0.2303","-0.9057","9.8886","200.2492",
1302,"25.152","-0.259","-0.8889","9.9042","200.248",
1303,"25.21","-0.2518","-0.8518","9.8826","200.2369",
1304,"25.212","-0.271","-0.8698","9.8587","200.2516",
1305,"25.217","-0.2698","-0.9105","9.8922","200.2416",
1306,"25.264","-0.2793","-0.8949","9.8587","200.2381",
1307,"25.266","-0.2542","-0.9212","9.8802","200.2528",
1308,"25.325","-0.2243","-0.9212","9.891","200.2416",
1309,"25.328","-0.2374","-0.8877","9.8779","200.244",
1310,"25.331","-0.259","-0.8937","9.8862","200.2464",
1311,"25.337","-0.259","-0.8662","9.885","200.2487",
1312,"25.386","-0.2434","-0.9308","9.9018","200.2329",
1313,"25.388","-0.2626","-0.8674","9.8862","200.2475",
1314,"25.391","-0.2398","-0.8913","9.9269","200.2499",
1315,"25.396","-0.2578","-0.8973","9.9066","200.2522",
1316,"25.401","-0.241","-0.9176","9.8802","200.2546",
1317,"25.44","-0.2722","-0.8734","9.9209","200.2341",
1318,"25.442","-0.2159","-0.8901","9.9054","200.2487",
1319,"25.446","-0.241","-0.9033","9.8647","200.2511",
1320,"25.451","-0.253","-0.9117","9.9066","200.2534",
1321,"25.496","-0.2542","-0.9009","9.8695","200.2353",
1322,"25.498","-0.2446","-0.8937","9.8802","200.2376",
1323,"25.501","-0.2291","-0.9033","9.8767","200.2523",
1324,"25.506","-0.2566","-0.9069","9.8898","200.2546",
1325,"25.555","-0.2422","-0.8949","9.8898","200.2388",
1326,"25.557","-0.2386","-0.9164","9.9245","200.2411",
1327,"25.561","-0.2363","-0.8722","9.903","200.2435",
1328,"25.566","-0.2566","-0.8614","9.8491","200.2458",
1329,"25.617","-0.2506","-0.9236","9.8958","200.2447",
1330,"25.667","-0.2363","-0.9332","9.9138","200.2435",
1331,"25.724","-0.2494","-0.8961","9.8862","200.2325",
1332,"25.727","-0.2398","-0.938","9.879","200.2471",
1333,"25.731","-0.2506","-0.8793","9.8946","200.2494",
1334,"25.735","-0.2638","-0.8686","9.8958","200.2517",
1335,"25.787","-0.2315","-0.9093","9.8755","200.2383",
1336,"25.799","-0.253","-0.8877","9.915","200.243",
1337,"25.805","-0.2386","-0.8901","9.891","200.2477",
1338,"25.855","-0.2506","-0.9164","9.9066","200.2465",
1339,"25.86","-0.259","-0.877","9.9006","200.2489",
1340,"25.865","-0.2327","-0.8949","9.8767","200.2512",
1341,"25.87","-0.2614","-0.9021","9.8982","200.2535",
1342,"25.906","-0.2482","-0.877","9.8886","200.2454",
1343,"25.91","-0.2386","-0.8817","9.8838","200.2477",
1344,"25.915","-0.235","-0.9164","9.9329","200.2501",
1345,"25.92","-0.2626","-0.9021","9.9006","200.2524",
1346,"25.959","-0.2674","-0.8674","9.8826","200.232",
1347,"25.961","-0.265","-0.8602","9.8814","200.2466",
1348,"25.965","-0.2446","-0.8781","9.8826","200.2489",
1349,"25.97","-0.2817","-0.8817","9.8982","200.2512",
1350,"26.018","-0.259","-0.8889","9.9018","200.2355",
1351,"26.023","-0.241","-0.9164","9.8898","200.2379",
1352,"26.08","-0.2662","-0.9033","9.8802","200.2536",
1353,"26.085","-0.2769","-0.8757","9.9198","200.2559",
1354,"26.13","-0.2482","-0.871","9.9102","200.2379",
1355,"26.132","-0.2506","-0.8865","9.8994","200.2403",
1356,"26.135","-0.259","-0.8937","9.8563","200.2548",
1357,"26.183","-0.2638","-0.847","9.8767","200.2391",
1358,"26.185","-0.2614","-0.8746","9.897","200.2536",
1359,"26.239","-0.2243","-0.9033","9.8695","200.2548",
1360,"26.244","-0.235","-0.9153","9.879","200.2449",
1361,"26.249","-0.2434","-0.9176","9.9114","200.2473",
1362,"26.296","-0.2195","-0.877","9.7426","200.2438",
1363,"26.299","0.0283","-1.0206","9.7881","200.2461",
1364,"26.347","-0.2506","-0.9284","9.8419","200.2427",
1365,"26.35","-0.1788","-0.9488","9.8838","200.245",
1366,"26.404","-0.4194","-0.9476","9.9604","200.2317",
1367,"26.406","-0.3667","-1.041","9.8994","200.2462",
1368,"26.41","-0.3176","-1.1355","9.8036","200.2485",
1369,"26.414","-0.4924","-1.2564","9.9126","200.2508",
1370,"26.419","-0.5032","-1.2397","9.988","200.2531",
1371,"26.464","-0.435","-2.9216","13.0155","200.2352",
1372,"26.466","-0.1465","-2.9563","13.1567","200.2496",
1373,"26.469","-0.5882","-2.7516","13.6188","200.252",
1374,"26.529","-0.6768","0.0855","12.3846","200.2554",
1375,"26.534","-0.4721","0.4626","11.8255","200.2456",
1376,"26.583","-0.5846","1.2359","10.9828","200.2422",
1377,"26.584","-0.7534","0.9438","11.3778","200.2445",
1378,"26.633","0.3779","-0.5705","12.0039","200.2411",
1379,"26.635","0.4054","-0.7632","12.3942","200.2434",
1380,"26.683","-0.1872","-0.4987","11.2461","200.2399",
1381,"26.684","-0.1393","-0.3933","10.9217","200.2543",
1382,"26.746","0.1181","0.1837","10.5183","200.2457",
1383,"26.749","-0.1692","0.0664","10.4956","200.248",
1384,"26.806","-1.6488","-2.244","10.9026","200.2371",
1385,"26.809","-1.6859","-2.3147","10.7745","200.2515",
1386,"26.814","-1.7147","-2.347","10.7362","200.2538",
1387,"26.818","-1.7266","-2.493","10.644","200.2561",
1388,"26.868","-1.808","-3.3478","11.1073","200.2406",
1389,"26.87","-1.7637","-3.4184","11.2042","200.2429",
1390,"26.927","-2.7394","-3.7141","9.9772","200.2441",
1391,"26.929","-2.7011","-3.58","9.8012","200.2464",
1392,"26.934","-2.3144","-3.4423","9.4804","200.2486",
1393,"26.988","-1.9385","-1.8861","8.0607","200.2355",
1394,"26.99","-2.002","-1.7676","7.9589","200.2498",
1395,"27.043","-1.0144","-2.6283","9.6097","200.2533",
1396,"27.053","-1.0144","-2.8773","9.8838","200.2556",
1397,"27.1","0.8711","-2.3578","9.2961","200.2521",
1398,"27.103","0.883","-2.1183","9.0147","200.2544",
1399,"27.159","-1.6141","-0.9667","8.2953","200.2436",
1400,"27.163","-1.3124","-0.9212","8.4054","200.2459",
1401,"27.168","-0.9473","-1.0086","8.5395","200.2482",
1402,"27.214","-0.496","-1.3223","9.496","200.2448",
1403,"27.218","-0.5104","-1.2995","9.4996","200.247",
1404,"27.272","-1.6333","-0.7082","7.8212","200.2339",
1405,"27.273","-1.6979","-0.8949","8.4461","200.2482",
1406,"27.277","-1.17","-1.1032","9.3009","200.2505",
1407,"27.282","-0.4912","-1.333","8.3492","200.2527",
1408,"27.329","-0.6265","-2.1327","9.6732","200.2493",
1409,"27.333","-0.6995","-2.0764","9.5355","200.2516",
1410,"27.384","-0.0878","-1.8167","8.9202","200.2505",
1411,"27.434","-0.4457","-1.1774","8.761","200.2494",
1412,"27.491","-0.7307","-1.1343","9.2099","200.2386",
1413,"27.493","-0.7486","-1.193","9.1931","200.2528",
1414,"27.497","-0.6804","-1.2217","9.1835","200.2551",
1415,"27.502","-0.6768","-1.26","9.2302","200.2574",
1416,"27.544","-1.2753","-1.108","9.5941","200.2397",
1417,"27.547","-1.9361","-0.8458","9.4912","200.254",
1418,"27.553","-1.9469","-0.7393","8.2821","200.2443",
1419,"27.605","-0.9533","-0.7884","10.1245","200.2432",
1420,"27.616","-1.0539","-0.6315","9.6696","200.2358",
1421,"27.647","-0.7163","-0.367","9.4337","200.2517",
1422,"27.694","-0.9294","-0.7824","10.4991","200.2483",
